model,accuracy,f1,auc,mcc,cost,score
RandomForest,0.8581134612152787,0.8525596247879453,0.9555998166101503,0.7373843674980826,32740,0.7925449830494824
