model,accuracy,f1,auc,mcc,cost,score
RandomForest,0.8720921858120274,0.8612066270709596,0.9590188741889911,0.7513904706474385,10875,0.803897766998101
