model,accuracy,f1,auc,mcc,cost,score
RandomForest,0.9935095254030589,0.9809904196673808,0.9997385334239333,0.9771674460185649,29550,0.9820639608645201
