model,accuracy,f1,auc,mcc,cost,score
RandomForest,0.8555943678202312,0.8516463189049205,0.9582311820797079,0.7369968229279268,21585,0.7927086443559823
