model,accuracy,f1,auc,mcc,cost,score
RandomForest,0.9933614008912309,0.9801497371886903,0.9996153085967437,0.9762273119259148,14540,0.9812971537863581
