model,accuracy,f1,auc,mcc,cost,score
RandomForest,0.9913793274486579,0.974322910818653,0.9995556043427244,0.9691647866865596,34935,0.9757587626310018
